{
  "cdhVersion" : "5.9.1",
  "displayName" : "Cluster1",
  "cmVersion" : "5.9.1",
  "services" : [ {
    "refName" : "zookeeper",
    "serviceType" : "ZOOKEEPER",
    "roleConfigGroups" : [ {
      "refName" : "zookeeper-SERVER-BASE",
      "roleType" : "SERVER",
      "base" : true
    } ]
  }, {
    "refName" : "oozie",
    "serviceType" : "OOZIE",
    "serviceConfigs" : [ {
      "name" : "hive_service",
      "ref" : "hive"
    }, {
      "name" : "mapreduce_yarn_service",
      "ref" : "yarn"
    }, {
      "name" : "zookeeper_service",
      "ref" : "zookeeper"
    } ],
    "roleConfigGroups" : [ {
      "refName" : "oozie-OOZIE_SERVER-BASE",
      "roleType" : "OOZIE_SERVER",
      "configs" : [ {
        "name" : "oozie_database_user",
        "variable" : "oozie-OOZIE_SERVER-BASE-oozie_database_user"
      }, {
        "name" : "oozie_database_host",
        "variable" : "oozie-OOZIE_SERVER-BASE-oozie_database_host"
      }, {
        "name" : "oozie_database_type",
        "variable" : "oozie-OOZIE_SERVER-BASE-oozie_database_type"
      }, {
        "name" : "oozie_database_password",
        "variable" : "oozie-OOZIE_SERVER-BASE-oozie_database_password"
      } ],
      "base" : true
    } ]
  }, {
    "refName" : "hue",
    "serviceType" : "HUE",
    "serviceConfigs" : [ {
      "name" : "oozie_service",
      "ref" : "oozie"
    }, {
      "name" : "hive_service",
      "ref" : "hive"
    }, {
      "name" : "database_type",
      "variable" : "hue-database_type"
    }, {
      "name" : "database_host",
      "variable" : "hue-database_host"
    }, {
      "name" : "zookeeper_service",
      "ref" : "zookeeper"
    }, {
      "name" : "database_password",
      "variable" : "hue-database_password"
    }, {
      "name" : "hue_webhdfs",
      "ref" : "hdfs-NAMENODE-4557b508e7e546f0d66903330e541c17"
    } ],
    "roleConfigGroups" : [ {
      "refName" : "hue-HUE_SERVER-BASE",
      "roleType" : "HUE_SERVER",
      "base" : true
    }, {
      "refName" : "hue-KT_RENEWER-BASE",
      "roleType" : "KT_RENEWER",
      "base" : true
    }, {
      "refName" : "hue-HUE_LOAD_BALANCER-BASE",
      "roleType" : "HUE_LOAD_BALANCER",
      "base" : true
    } ]
  }, {
    "refName" : "hdfs",
    "serviceType" : "HDFS",
    "serviceConfigs" : [ {
      "name" : "zookeeper_service",
      "ref" : "zookeeper"
    } ],
    "roleConfigGroups" : [ {
      "refName" : "hdfs-NAMENODE-BASE",
      "roleType" : "NAMENODE",
      "configs" : [ {
        "name" : "dfs_name_dir_list",
        "variable" : "hdfs-NAMENODE-BASE-dfs_name_dir_list"
      } ],
      "base" : true
    }, {
      "refName" : "hdfs-SECONDARYNAMENODE-BASE",
      "roleType" : "SECONDARYNAMENODE",
      "configs" : [ {
        "name" : "fs_checkpoint_dir_list",
        "variable" : "hdfs-SECONDARYNAMENODE-BASE-fs_checkpoint_dir_list"
      } ],
      "base" : true
    }, {
      "refName" : "hdfs-FAILOVERCONTROLLER-BASE",
      "roleType" : "FAILOVERCONTROLLER",
      "base" : true
    }, {
      "refName" : "hdfs-DATANODE-BASE",
      "roleType" : "DATANODE",
      "base" : true
    }, {
      "refName" : "hdfs-BALANCER-BASE",
      "roleType" : "BALANCER",
      "base" : true
    }, {
      "refName" : "hdfs-GATEWAY-BASE",
      "roleType" : "GATEWAY",
      "base" : true
    }, {
      "refName" : "hdfs-JOURNALNODE-BASE",
      "roleType" : "JOURNALNODE",
      "base" : true
    }, {
      "refName" : "hdfs-HTTPFS-BASE",
      "roleType" : "HTTPFS",
      "base" : true
    }, {
      "refName" : "hdfs-NFSGATEWAY-BASE",
      "roleType" : "NFSGATEWAY",
      "base" : true
    } ],
    "roles" : [ {
      "refName" : "hdfs-NAMENODE-4557b508e7e546f0d66903330e541c17",
      "roleType" : "NAMENODE"
    } ]
  }, {
    "refName" : "yarn",
    "serviceType" : "YARN",
    "serviceConfigs" : [ {
      "name" : "hdfs_service",
      "ref" : "hdfs"
    }, {
      "name" : "zookeeper_service",
      "ref" : "zookeeper"
    } ],
    "roleConfigGroups" : [ {
      "refName" : "yarn-RESOURCEMANAGER-BASE",
      "roleType" : "RESOURCEMANAGER",
      "base" : true
    }, {
      "refName" : "yarn-NODEMANAGER-BASE",
      "roleType" : "NODEMANAGER",
      "configs" : [ {
        "name" : "yarn_nodemanager_local_dirs",
        "variable" : "yarn-NODEMANAGER-BASE-yarn_nodemanager_local_dirs"
      }, {
        "name" : "yarn_nodemanager_log_dirs",
        "variable" : "yarn-NODEMANAGER-BASE-yarn_nodemanager_log_dirs"
      } ],
      "base" : true
    }, {
      "refName" : "yarn-GATEWAY-BASE",
      "roleType" : "GATEWAY",
      "base" : true
    }, {
      "refName" : "yarn-JOBHISTORY-BASE",
      "roleType" : "JOBHISTORY",
      "base" : true
    } ]
  }, {
    "refName" : "hive",
    "serviceType" : "HIVE",
    "serviceConfigs" : [ {
      "name" : "mapreduce_yarn_service",
      "ref" : "yarn"
    }, {
      "name" : "hive_metastore_database_host",
      "variable" : "hive-hive_metastore_database_host"
    }, {
      "name" : "hive_metastore_database_password",
      "variable" : "hive-hive_metastore_database_password"
    }, {
      "name" : "hive_metastore_database_name",
      "variable" : "hive-hive_metastore_database_name"
    }, {
      "name" : "zookeeper_service",
      "ref" : "zookeeper"
    } ],
    "roleConfigGroups" : [ {
      "refName" : "hive-GATEWAY-BASE",
      "roleType" : "GATEWAY",
      "base" : true
    }, {
      "refName" : "hive-HIVESERVER2-BASE",
      "roleType" : "HIVESERVER2",
      "base" : true
    }, {
      "refName" : "hive-HIVEMETASTORE-BASE",
      "roleType" : "HIVEMETASTORE",
      "base" : true
    }, {
      "refName" : "hive-WEBHCAT-BASE",
      "roleType" : "WEBHCAT",
      "base" : true
    } ]
  } ],
  "hostTemplates" : [ {
    "refName" : "HostTemplate-0-from-ip-10-1-4-67.us-west-2.compute.internal",
    "cardinality" : 1,
    "roleConfigGroupsRefNames" : [ "hdfs-BALANCER-BASE", "hdfs-DATANODE-BASE", "hdfs-NAMENODE-BASE", "hdfs-SECONDARYNAMENODE-BASE", "hive-GATEWAY-BASE", "hive-HIVEMETASTORE-BASE", "hive-HIVESERVER2-BASE", "hue-HUE_SERVER-BASE", "oozie-OOZIE_SERVER-BASE", "yarn-JOBHISTORY-BASE", "yarn-NODEMANAGER-BASE", "yarn-RESOURCEMANAGER-BASE", "zookeeper-SERVER-BASE" ]
  } ],
  "instantiator" : {
    "clusterName" : "<changeme>",
    "hosts" : [ {
      "hostName" : "<changeme>",
      "hostTemplateRefName" : "<changeme>",
      "roleRefNames" : [ "hdfs-NAMENODE-4557b508e7e546f0d66903330e541c17" ]
    }, {
      "hostName" : "<changeme>",
      "hostTemplateRefName" : "<changeme>"
    }, {
      "hostNameRange" : "<HOST[0001-0002]>",
      "hostTemplateRefName" : "<changeme>"
    } ],
    "variables" : [ {
      "name" : "hdfs-NAMENODE-BASE-dfs_name_dir_list",
      "value" : "/dfs/nn"
    }, {
      "name" : "hdfs-SECONDARYNAMENODE-BASE-fs_checkpoint_dir_list",
      "value" : "/dfs/snn"
    }, {
      "name" : "hive-hive_metastore_database_host",
      "value" : "ip-10-1-4-67.us-west-2.compute.internal"
    }, {
      "name" : "hive-hive_metastore_database_name",
      "value" : "hive"
    }, {
      "name" : "hive-hive_metastore_database_password",
      "value" : "<changeme>"
    }, {
      "name" : "hue-database_host",
      "value" : "ip-10-1-4-67.us-west-2.compute.internal"
    }, {
      "name" : "hue-database_password",
      "value" : "<changeme>"
    }, {
      "name" : "hue-database_type",
      "value" : "mysql"
    }, {
      "name" : "oozie-OOZIE_SERVER-BASE-oozie_database_host",
      "value" : "ip-10-1-4-67.us-west-2.compute.internal"
    }, {
      "name" : "oozie-OOZIE_SERVER-BASE-oozie_database_password",
      "value" : "<changeme>"
    }, {
      "name" : "oozie-OOZIE_SERVER-BASE-oozie_database_type",
      "value" : "mysql"
    }, {
      "name" : "oozie-OOZIE_SERVER-BASE-oozie_database_user",
      "value" : "oozie"
    }, {
      "name" : "yarn-NODEMANAGER-BASE-yarn_nodemanager_local_dirs",
      "value" : "/yarn/nm"
    }, {
      "name" : "yarn-NODEMANAGER-BASE-yarn_nodemanager_log_dirs",
      "value" : "/yarn/container-logs"
    } ]
  }
}